Student Roll Number, Preference with zero capacity
AE15B001,CS2700$outside
AE15B001,EE2003$outside
AE15B002,EE6324$outside
AE15B002,EE5311$outside
AE15B002,AS4600$outside
AE15B003,AS4600$outside
AE15B006,AS4600$outside
AE15B007,AS4600$outside
AE15B008,AS4600$outside
AE15B009,AS5370$outside
AE15B009,AS4600$outside
AE15B011,ME6127$outside
AE15B014,ME6580$outside
AE15B015,CS5691$outside
AE15B015,EE4708$outside
AE15B015,EE4371$outside
AE15B019,AS4600$outside
AE15B019,AS5100$outside
AE15B020,ME6127$outside
AE15B023,ME6127$outside
AE15B026,PH5211$outside
AE15B029,EE4371$outside
AE15B029,AS4600$outside
AE15B030,ID4100$outside
AE15B035,ID4100$outside
AE15B037,EE4371$outside
AE15B038,EE4371$outside
AE15B038,AS4600$outside
AE15B039,EE4371$outside
AE15B040,EE4371$outside
AE15B044,ID4100$outside
AE15B044,AS5100$outside
AE15B051,ID4100$outside
AE16B007,AS5370$outside
AE16B024,AS5370$outside
AE16B044,AS5370$outside
AE16B104,ME5303$outside
AE16B113,AS5370$outside
AE16B115,ME5303$outside
AE17B022,EE3002$outside
AE17B022,EE4140$outside
AE17B109,EE4371$outside
BE15B004,CS5691$outside
BE15B004,BT4110$outside
BE15B004,CS4900$outside
BE15B005,BT4110$outside
BE15B007,BT4110$outside
BE15B009,ID4100$outside
BE15B011,BT4110$outside
BE15B012,BT4110$outside
BE15B012,CS5691$outside
BE15B014,BT3121$outside
BE15B015,CS2700$outside
BE15B017,BT4110$outside
BE15B018,BT3121$outside
BE15B019,BT4110$outside
BE15B023,BT4110$outside
BE15B025,BT4110$outside
BE15B028,BT4110$outside
BE15B029,BT4110$outside
BE15B030,BT6540$outside
BE15B032,BT4110$outside
BE16B002,ID4100$outside
BE16B010,ID4100$outside
BE16B011,ID4100$outside
BS15B005,BT4110$outside
BS15B008,CS5691$outside
BS15B011,BT6540$outside
BS15B013,CS2700$outside
BS16B008,EE4371$outside
BS16B013,EE4371$outside
BS16B014,BT6540$outside
BS16B024,IL4020$outside
CE15B001,GN5001$inside
CE15B001,CE5020$outside
CE15B002,GN5001$inside
CE15B002,CE5020$outside
CE15B003,CE5020$outside
CE15B003,GN5001$inside
CE15B005,CE6780$inside
CE15B006,EE4708$outside
CE15B006,CE6050$outside
CE15B007,CE5020$outside
CE15B008,GN5001$inside
CE15B009,CE6010$outside
CE15B012,CE5020$outside
CE15B012,GN5001$inside
CE15B013,CE5020$outside
CE15B013,CE6010$outside
CE15B017,GN5001$inside
CE15B019,CE5020$outside
CE15B023,CE5020$outside
CE15B024,GN5001$inside
CE15B024,CE5020$outside
CE15B026,CE6780$inside
CE15B028,GN5001$inside
CE15B030,CE6670$inside
CE15B030,GN5001$inside
CE15B031,CE6670$inside
CE15B034,GN5001$inside
CE15B035,EE4371$outside
CE15B036,GN5001$inside
CE15B040,GN5001$inside
CE15B043,CE5020$outside
CE15B046,CE5020$outside
CE15B047,CE5070$outside
CE15B047,GN5001$inside
CE15B049,EE4371$outside
CE15B051,CE6780$inside
CE15B052,EE4371$outside
CE15B054,CE5020$outside
CE15B055,CE5020$outside
CE15B055,CE6780$inside
CE15B056,CE5020$outside
CE15B057,CE5020$outside
CE15B059,CE5020$outside
CE15B062,CE5020$outside
CE15B063,GN5001$inside
CE15B063,CE5020$outside
CE15B064,CE6010$outside
CE15B064,GN5001$inside
CE15B070,CE5020$outside
CE15B071,GN5001$inside
CE15B073,CE5020$outside
CE15B074,CE5020$outside
CE15B075,CS5691$outside
CE15B076,GN5001$inside
CE15B078,CE6670$inside
CE15B082,CE5130$outside
CE15B087,CE6010$outside
CE15B089,EE4708$outside
CE15B089,GN5001$inside
CE15B092,CS5691$outside
CE15B092,EE4708$outside
CE15B096,CS5691$outside
CE15B099,GN5001$inside
CE15B100,CS5691$outside
CE15B100,CS4900$outside
CE15B100,ID4100$outside
CE15B101,GN5001$inside
CE15B102,CE6010$outside
CE15B102,CE5020$outside
CE15B103,CE5020$outside
CE15B103,CE6010$outside
CE15B103,CE5130$outside
CE15B104,CE5020$outside
CE16B003,EE4371$outside
CE16B006,EE4371$outside
CE16B034,EE4371$outside
CE16B041,EE4371$outside
CE16B045,EE4371$outside
CE16B107,ID4100$outside
CE16B123,EE4371$outside
CE16B137,ID4100$outside
CE17B018,EE4371$outside
CE17B019,EE4371$outside
CE17B026,EE4371$outside
CE17B036,EE4371$outside
CE17B041,GN5001$inside
CE17B043,GN5001$inside
CE17B046,CS2710$outside
CH15B001,CH4530$outside
CH15B003,CH4530$outside
CH15B007,CH4530$outside
CH15B009,CH4530$outside
CH15B010,ME7020$outside
CH15B012,CH4530$outside
CH15B013,CH4530$outside
CH15B017,CH4530$outside
CH15B018,CH4530$outside
CH15B019,CH4530$outside
CH15B021,CH6760$outside
CH15B021,CH4530$outside
CH15B022,EE4371$outside
CH15B024,CH4530$outside
CH15B025,EE4371$outside
CH15B025,CH4530$outside
CH15B027,CH4530$outside
CH15B029,CS5691$outside
CH15B029,CH4530$outside
CH15B031,CH4530$outside
CH15B033,CS2700$outside
CH15B035,CH4530$outside
CH15B037,CH4530$outside
CH15B038,CS5691$outside
CH15B038,EE4708$outside
CH15B038,EE4371$outside
CH15B039,CH4530$outside
CH15B042,CH4530$outside
CH15B043,CH4530$outside
CH15B044,CH4530$outside
CH15B047,CH4530$outside
CH15B048,CH4530$outside
CH15B049,CH4530$outside
CH15B052,CH4530$outside
CH15B054,CS5691$outside
CH15B054,CH4530$outside
CH15B055,CH4530$outside
CH15B057,CH4530$outside
CH15B058,CH4530$outside
CH15B060,CH4530$outside
CH15B061,CS5691$outside
CH15B061,CH4530$outside
CH15B063,CH4530$outside
CH15B065,CH4530$outside
CH15B069,CH4530$outside
CH15B070,CH4530$outside
CH15B081,ME6127$outside
CH15B093,CH4530$outside
CH16B005,EE4371$outside
CH16B008,ME5303$outside
CH16B008,ME3103$outside
CH16B021,ID4100$outside
CH16B024,EE4371$outside
CH16B025,EE4371$outside
CH16B032,EE4371$outside
CH16B035,EE4371$outside
CH16B105,EE4371$outside
CH17B064,EE4371$outside
CS15B001,CS4900$outside
CS15B002,CS5691$outside
CS15B002,CS6120$outside
CS15B003,CS5691$outside
CS15B005,CS6120$outside
CS15B006,CS6120$outside
CS15B007,CS5691$outside
CS15B007,CS6120$outside
CS15B008,CS5691$outside
CS15B008,CS6120$outside
CS15B010,CS6120$outside
CS15B010,CS5691$outside
CS15B011,CS5691$outside
CS15B011,CS6120$outside
CS15B012,CS6120$outside
CS15B013,CS5691$outside
CS15B013,CS6120$outside
CS15B015,CS4910$outside
CS15B015,CS5691$outside
CS15B016,CS5691$outside
CS15B018,CS6120$outside
CS15B020,CS5691$outside
CS15B020,CS6120$outside
CS15B027,CS6120$outside
CS15B028,CS6120$outside
CS15B029,CS6120$outside
CS15B030,CS4900$outside
CS15B030,CS5691$outside
CS15B030,CS6120$outside
CS15B031,CS6120$outside
CS15B031,CS5691$outside
CS15B033,CS6120$outside
CS15B034,CS4910$outside
CS15B035,CS6120$outside
CS15B036,CS6120$outside
CS15B037,CS5691$outside
CS15B038,CS5691$outside
CS15B039,CS4910$outside
CS15B040,CS6120$outside
CS15B042,CS5691$outside
CS15B042,CS6120$outside
CS15B043,CS5691$outside
CS15B044,CS6120$outside
CS15B046,CS5691$outside
CS15B047,CS5691$outside
CS15B048,CS6120$outside
CS15B049,CS5691$outside
CS15B050,CS5691$outside
CS15B051,CS6120$outside
CS15B052,CS4910$outside
CS15B053,CS4900$outside
CS15B053,EE5142$outside
CS15B054,CS5691$outside
CS15B058,CS4900$outside
CS15B059,CS5691$outside
CS15B059,CS4900$outside
CS15B061,CS4910$outside
CS16B006,CS5691$outside
CS16B007,CS5691$outside
CS16B011,CS5691$outside
CS16B012,CS5691$outside
CS16B016,CS5691$outside
CS16B019,CS5691$outside
CS16B021,CS5691$outside
CS16B022,CS5691$outside
CS16B029,CS5691$outside
CS16B030,CS5691$outside
CS16B031,CS5691$outside
CS16B032,CS5691$outside
CS16B033,CS5691$outside
CS16B038,CS5691$outside
CS16B043,CS5691$outside
CS16B044,CS5691$outside
CS16B045,CS5691$outside
CS16B046,CS5691$outside
CS16B047,CS5691$outside
CS16B102,CS5691$outside
CS16B105,CS5691$outside
CS16B106,CS5691$outside
CS16B107,CS5691$outside
CS16B108,CS5691$outside
CS16B110,CS5691$outside
CS16B111,CS5691$outside
CS16B113,CS5691$outside
CS16B115,CS5691$outside
CS17B035,EE3002$outside
ED15B004,EE4708$outside
ED15B006,EE4371$outside
ED15B008,EE4708$outside
ED15B011,EE4371$outside
ED15B013,EE4371$outside
ED15B015,EE4371$outside
ED15B017,EE4708$outside
ED15B021,EE4371$outside
ED15B026,EE4371$outside
ED15B032,EE4371$outside
ED15B036,EE4371$outside
ED15B040,ID6040$inside
ED15B040,EE4371$outside
ED15B048,ME3281slotQ$outside
ED15B052,EE4371$outside
ED15B055,EE4371$outside
ED16B002,ID4100$outside
ED16B003,ME3103$outside
ED16B005,EE4371$outside
ED16B007,ME3103$outside
ED16B008,EE4371$outside
ED16B008,ED5800$outside
ED16B009,ID4100$outside
ED16B016,EE4371$outside
ED16B022,ID4100$outside
ED16B024,ID4100$outside
ED16B028,ME5303$outside
ED16B031,ID4100$outside
ED16B032,ID4100$outside
ED16B042,EE4371$outside
ED16B059,ID4100$outside
EE15B001,EE4140$outside
EE15B001,EE5011$inside
EE15B001,EE5150$outside
EE15B002,EE5142$outside
EE15B002,EE4140$outside
EE15B002,EE4371$outside
EE15B002,EE5150$outside
EE15B004,EE6132$outside
EE15B005,EE4140$outside
EE15B006,EE4140$outside
EE15B006,EE5150$outside
EE15B006,EE5011$inside
EE15B007,EE4140$outside
EE15B007,EE4502$outside
EE15B007,EE5150$outside
EE15B008,EE4140$outside
EE15B008,EE5311$outside
EE15B009,EE4140$outside
EE15B009,EE4371$outside
EE15B010,EE4140$outside
EE15B010,EE5311$outside
EE15B011,EE4140$outside
EE15B011,EE5142$outside
EE15B011,EE5150$outside
EE15B011,EE5011$inside
EE15B012,EE5142$outside
EE15B012,EE4140$outside
EE15B012,EE5150$outside
EE15B012,EE4371$outside
EE15B012,EP3200$outside
EE15B014,EE3003$outside
EE15B014,EE5150$outside
EE15B014,CS5691$outside
EE15B014,EE4140$outside
EE15B015,EE3003$outside
EE15B015,EE4140$outside
EE15B015,EE5311$outside
EE15B016,EE3003$outside
EE15B016,EE4140$outside
EE15B016,EE5150$outside
EE15B017,EE4140$outside
EE15B017,EE4708$outside
EE15B017,EE5150$outside
EE15B018,EE4140$outside
EE15B018,EE5150$outside
EE15B018,EE5142$outside
EE15B019,EE5142$outside
EE15B019,ID4100$outside
EE15B020,EE5150$outside
EE15B020,EE4140$outside
EE15B021,EE4140$outside
EE15B021,EE5311$outside
EE15B022,EE3003$outside
EE15B022,EE5150$outside
EE15B022,EE4140$outside
EE15B024,EE5011$inside
EE15B024,EE4140$outside
EE15B024,EE3002$outside
EE15B024,EE5311$outside
EE15B025,ID4100$outside
EE15B026,EE4708$outside
EE15B026,CS5691$outside
EE15B026,EE3005$outside
EE15B027,EE4140$outside
EE15B027,EE5142$outside
EE15B027,EE5150$outside
EE15B027,EE5311$outside
EE15B028,EE3002$outside
EE15B028,EE5311$outside
EE15B028,EE4140$outside
EE15B028,EE3003$outside
EE15B030,EE4140$outside
EE15B030,EE5150$outside
EE15B031,EE3003$outside
EE15B031,EE4371$outside
EE15B031,EE4140$outside
EE15B032,EE4140$outside
EE15B032,EE5142$outside
EE15B033,CS5691$outside
EE15B033,EE4140$outside
EE15B034,EE5411$outside
EE15B034,EE3003$outside
EE15B036,EE4140$outside
EE15B036,EE5311$outside
EE15B036,EE3003$outside
EE15B037,EE6132$outside
EE15B037,EE5150$outside
EE15B037,EE4708$outside
EE15B038,EE3003$outside
EE15B038,EE4140$outside
EE15B038,EE5311$outside
EE15B038,EE5150$outside
EE15B039,EE4140$outside
EE15B039,EE5142$outside
EE15B040,EE3005$outside
EE15B041,EE4140$outside
EE15B041,EE5150$outside
EE15B041,EE5011$inside
EE15B042,EE4140$outside
EE15B042,EE5311$outside
EE15B042,EE5011$inside
EE15B043,EE3003$outside
EE15B043,EE4140$outside
EE15B043,EE5311$outside
EE15B043,EE5150$outside
EE15B044,EE5311$outside
EE15B045,EE1100$outside
EE15B045,EE1103$outside
EE15B046,EE1100$outside
EE15B046,EE1102$outside
EE15B046,EE1103$outside
EE15B047,EE4140$outside
EE15B047,EE5150$outside
EE15B048,EE4140$outside
EE15B048,EE5311$outside
EE15B048,EE5345$outside
EE15B049,EE4140$outside
EE15B049,EE3003$outside
EE15B050,EE5411$outside
EE15B050,EE3003$outside
EE15B051,EE3003$outside
EE15B051,EE4140$outside
EE15B051,EE5410$outside
EE15B052,EE3005$outside
EE15B052,ID4100$outside
EE15B052,EE6132$outside
EE15B053,EE4140$outside
EE15B053,EE5142$outside
EE15B053,EE5150$outside
EE15B054,EE4140$outside
EE15B054,EE5142$outside
EE15B054,ID4100$outside
EE15B054,EE5150$outside
EE15B055,EE4140$outside
EE15B055,EE5410$outside
EE15B056,EE2003$outside
EE15B056,EE5150$outside
EE15B056,EP3200$outside
EE15B056,EE4502$outside
EE15B057,EE4140$outside
EE15B057,EE5150$outside
EE15B057,EE6324$outside
EE15B057,EE5011$inside
EE15B059,EE3003$outside
EE15B059,EE4140$outside
EE15B060,EE3003$outside
EE15B062,EE4708$outside
EE15B063,EE3003$outside
EE15B063,EE4140$outside
EE15B064,EE4140$outside
EE15B064,EE5142$outside
EE15B065,EE5011$inside
EE15B065,EE4371$outside
EE15B066,EE3003$outside
EE15B066,EE4140$outside
EE15B067,EE4140$outside
EE15B067,EE5150$outside
EE15B068,EE4140$outside
EE15B068,EE4371$outside
EE15B070,EE4140$outside
EE15B070,CS6120$outside
EE15B070,EE5311$outside
EE15B070,EE3005$outside
EE15B072,EE4140$outside
EE15B072,EE5311$outside
EE15B072,EE4371$outside
EE15B073,EE4140$outside
EE15B073,EE5311$outside
EE15B073,EE6324$outside
EE15B074,EE4140$outside
EE15B074,EE5150$outside
EE15B074,EE5311$outside
EE15B074,EE5142$outside
EE15B075,EE4140$outside
EE15B075,EE3003$outside
EE15B076,EE4140$outside
EE15B076,EE5150$outside
EE15B076,EE3002$outside
EE15B076,EE5142$outside
EE15B077,EE6132$outside
EE15B077,EE5150$outside
EE15B077,EE4708$outside
EE15B078,EE5150$outside
EE15B078,EE4140$outside
EE15B079,EE4708$outside
EE15B079,EE3003$outside
EE15B079,EE4140$outside
EE15B080,EE3313$outside
EE15B080,EE5311$outside
EE15B080,EE3002$outside
EE15B080,EE5410$outside
EE15B080,EE5345$outside
EE15B081,EE4140$outside
EE15B081,EE5311$outside
EE15B081,EE5150$outside
EE15B081,EE4371$outside
EE15B081,EE3003$outside
EE15B081,EE5142$outside
EE15B082,EE4140$outside
EE15B082,EE6132$outside
EE15B082,EE5142$outside
EE15B082,EE5150$outside
EE15B083,EE4140$outside
EE15B083,EE5142$outside
EE15B083,EE5150$outside
EE15B083,EP3200$outside
EE15B083,EE3003$outside
EE15B084,EE3005$outside
EE15B084,EE5201$outside
EE15B084,EE4140$outside
EE15B084,EE2003$outside
EE15B084,EE4371$outside
EE15B084,EE4502$outside
EE15B084,EE5011$inside
EE15B085,EE4140$outside
EE15B085,EE5150$outside
EE15B086,ID4100$outside
EE15B086,EE4708$outside
EE15B086,EE4140$outside
EE15B086,EE4371$outside
EE15B087,EE4371$outside
EE15B088,ID4100$outside
EE15B088,EE4371$outside
EE15B089,EE3003$outside
EE15B089,EE4140$outside
EE15B089,EE5150$outside
EE15B089,EE3002$outside
EE15B089,EE5311$outside
EE15B090,EE3002$outside
EE15B090,EE5311$outside
EE15B090,EE5410$outside
EE15B090,EE4140$outside
EE15B090,EE3313$outside
EE15B092,EE5142$outside
EE15B092,EE4140$outside
EE15B092,EE3002$outside
EE15B093,EE3003$outside
EE15B093,EE3002$outside
EE15B093,EE4140$outside
EE15B093,EE5410$outside
EE15B095,EE6132$outside
EE15B095,EE4140$outside
EE15B095,EE3005$outside
EE15B096,CS5691$outside
EE15B096,EE3003$outside
EE15B097,EE4140$outside
EE15B097,EE5150$outside
EE15B097,EE3002$outside
EE15B097,EE4371$outside
EE15B098,EE5150$outside
EE15B098,EE4140$outside
EE15B099,EE4140$outside
EE15B099,EE5150$outside
EE15B099,EE5142$outside
EE15B099,EE4371$outside
EE15B100,EE4140$outside
EE15B100,EE5150$outside
EE15B100,EE4371$outside
EE15B100,EE5142$outside
EE15B100,EP3200$outside
EE15B101,EE4708$outside
EE15B102,EE4371$outside
EE15B102,EE4140$outside
EE15B102,EE5150$outside
EE15B102,EE3003$outside
EE15B103,EE4140$outside
EE15B103,EE4371$outside
EE15B103,EE5150$outside
EE15B103,EP3200$outside
EE15B103,EE5142$outside
EE15B104,EE4371$outside
EE15B104,EE5150$outside
EE15B105,EE3005$outside
EE15B105,EE6132$outside
EE15B105,ID4100$outside
EE15B106,EE4371$outside
EE15B106,EE4502$outside
EE15B106,EE5150$outside
EE15B107,EE4708$outside
EE15B107,CS2710$outside
EE15B108,EE6132$outside
EE15B108,EE3005$outside
EE15B109,EE4371$outside
EE15B110,EE2003$outside
EE15B110,EE4371$outside
EE15B111,EE3005$outside
EE15B111,EE4371$outside
EE15B111,EE4140$outside
EE15B111,EP3200$outside
EE15B112,EE5142$outside
EE15B112,EE4140$outside
EE15B112,EE4371$outside
EE15B112,EE3005$outside
EE15B113,EE5142$outside
EE15B113,EE4140$outside
EE15B113,EE5150$outside
EE15B114,EE5142$outside
EE15B114,EE3002$outside
EE15B114,EE4140$outside
EE15B114,EE5150$outside
EE15B115,EE3003$outside
EE15B115,EE4140$outside
EE15B115,ME6280$outside
EE15B115,EE5150$outside
EE15B116,CS5691$outside
EE15B116,EE4708$outside
EE15B117,EE4371$outside
EE15B119,EE3003$outside
EE15B119,EE4140$outside
EE15B119,EE3005$outside
EE15B119,EE5410$outside
EE15B119,EE4708$outside
EE15B119,EE5142$outside
EE15B120,EE3003$outside
EE15B120,EE4140$outside
EE15B120,EE5150$outside
EE15B122,EE5142$outside
EE15B122,EE4140$outside
EE15B122,EE5150$outside
EE15B123,EE4140$outside
EE15B123,EE4708$outside
EE15B123,ID4100$outside
EE15B123,EE5142$outside
EE15B124,EE3005$outside
EE15B124,EE6132$outside
EE15B125,EE3005$outside
EE15B125,EE4140$outside
EE15B125,CS2700$outside
EE15B125,EE4502$outside
EE15B126,EE6324$outside
EE15B126,EP3200$outside
EE15B126,EE5325$outside
EE15B127,EE5150$outside
EE15B127,EE4140$outside
EE15B127,EE5142$outside
EE15B129,EE4140$outside
EE15B129,EE5142$outside
EE15B130,EE5011$inside
EE15B131,EE4140$outside
EE15B132,EE5142$outside
EE15B133,EE5311$outside
EE15B133,EE4140$outside
EE15B133,EE4371$outside
EE15B134,EE4140$outside
EE15B134,EE5142$outside
EE15B134,EE5150$outside
EE15B134,EE2003$outside
EE15B134,EE5311$outside
EE15B134,EE5011$inside
EE16B001,EE4371$outside
EE16B001,EE3005$outside
EE16B001,EE3002$outside
EE16B002,EE3005$outside
EE16B002,EE4371$outside
EE16B004,EE3005$outside
EE16B004,EE4371$outside
EE16B005,EE3002$outside
EE16B005,EE3005$outside
EE16B006,EE4371$outside
EE16B006,EE3005$outside
EE16B007,EE3005$outside
EE16B007,EE2003$outside
EE16B007,EE4371$outside
EE16B008,EE3005$outside
EE16B008,EE4371$outside
EE16B008,EE3313$outside
EE16B008,EE2003$outside
EE16B009,EE3005$outside
EE16B009,EE3002$outside
EE16B010,EE3003$outside
EE16B010,EE3005$outside
EE16B012,EE3005$outside
EE16B012,EE3313$outside
EE16B012,EE3002$outside
EE16B012,EE3003$outside
EE16B012,EP3200$outside
EE16B013,EE3003$outside
EE16B013,EP3200$outside
EE16B013,EE3005$outside
EE16B014,EE5150$outside
EE16B014,EE3002$outside
EE16B014,EP3200$outside
EE16B014,EE3313$outside
EE16B014,EE3003$outside
EE16B015,EE3002$outside
EE16B015,EE3005$outside
EE16B016,EE3002$outside
EE16B016,EE2003$outside
EE16B017,EE3005$outside
EE16B017,EE4371$outside
EE16B017,EE3002$outside
EE16B017,EE2003$outside
EE16B018,EE4140$outside
EE16B018,EE4371$outside
EE16B018,EE3005$outside
EE16B018,EE3002$outside
EE16B019,EE4140$outside
EE16B019,EE3002$outside
EE16B019,EE3005$outside
EE16B020,EE3005$outside
EE16B020,EE3002$outside
EE16B020,EE4371$outside
EE16B021,EE3005$outside
EE16B021,EE4371$outside
EE16B021,EE4140$outside
EE16B021,EE3002$outside
EE16B022,EE4140$outside
EE16B022,EE3002$outside
EE16B022,EE3005$outside
EE16B023,EE3002$outside
EE16B023,EE3005$outside
EE16B024,EE3002$outside
EE16B024,EE3005$outside
EE16B025,EE3005$outside
EE16B025,EE3002$outside
EE16B026,EE4371$outside
EE16B026,EE3005$outside
EE16B026,EE3002$outside
EE16B026,EE4140$outside
EE16B027,EE4371$outside
EE16B027,EE3005$outside
EE16B027,EE3002$outside
EE16B027,EE4140$outside
EE16B028,EE4371$outside
EE16B028,EE4140$outside
EE16B028,EE3002$outside
EE16B028,EE3005$outside
EE16B029,EE3002$outside
EE16B029,EE3005$outside
EE16B029,EE2003$outside
EE16B030,EE3002$outside
EE16B030,EE3003$outside
EE16B030,EE3005$outside
EE16B031,EE4371$outside
EE16B031,EE3005$outside
EE16B032,EE3002$outside
EE16B032,EE3005$outside
EE16B032,EE4371$outside
EE16B033,EE6132$outside
EE16B033,EE3005$outside
EE16B034,EE3005$outside
EE16B034,EE3002$outside
EE16B035,EE3005$outside
EE16B035,EE3002$outside
EE16B035,EE4140$outside
EE16B036,EE3005$outside
EE16B036,EE4371$outside
EE16B036,EE3002$outside
EE16B036,EE6132$outside
EE16B037,EE3005$outside
EE16B037,EE3002$outside
EE16B037,EE4140$outside
EE16B038,EE3002$outside
EE16B039,EE3005$outside
EE16B039,EE2003$outside
EE16B039,EE4371$outside
EE16B040,EE6132$outside
EE16B040,EE3005$outside
EE16B040,EE4371$outside
EE16B041,EE4140$outside
EE16B041,EE4371$outside
EE16B041,EE3005$outside
EE16B041,EE3002$outside
EE16B042,EE5011$inside
EE16B042,EE3002$outside
EE16B042,EE3005$outside
EE16B042,EE4140$outside
EE16B043,EE3005$outside
EE16B043,EE4140$outside
EE16B043,EE3002$outside
EE16B044,EE3002$outside
EE16B044,EE3005$outside
EE16B045,EE4140$outside
EE16B045,EE3005$outside
EE16B045,EE3002$outside
EE16B046,EE3005$outside
EE16B047,EE3005$outside
EE16B047,EE2003$outside
EE16B047,EE4371$outside
EE16B048,EE4371$outside
EE16B048,EE3005$outside
EE16B048,EE3002$outside
EE16B048,EE3313$outside
EE16B049,EE4371$outside
EE16B049,EE2003$outside
EE16B049,EE3005$outside
EE16B050,EE6132$outside
EE16B050,EE3005$outside
EE16B051,EE4371$outside
EE16B051,EE3002$outside
EE16B051,EE2003$outside
EE16B053,EE2003$outside
EE16B053,EE3005$outside
EE16B054,EE3005$outside
EE16B054,EE3313$outside
EE16B054,EE3002$outside
EE16B055,EE3005$outside
EE16B055,EE3002$outside
EE16B055,EE4140$outside
EE16B055,EE4371$outside
EE16B055,EE2003$outside
EE16B056,EE3003$outside
EE16B056,EE2003$outside
EE16B056,EE3005$outside
EE16B057,EE3005$outside
EE16B057,EE3003$outside
EE16B057,EE3002$outside
EE16B058,EE4371$outside
EE16B058,EE6132$outside
EE16B058,EE3005$outside
EE16B059,EE4371$outside
EE16B059,EE3002$outside
EE16B059,EE3005$outside
EE16B059,EE2003$outside
EE16B060,EE3005$outside
EE16B060,EE3002$outside
EE16B061,EE4371$outside
EE16B061,EE3005$outside
EE16B062,EE3005$outside
EE16B062,EE3002$outside
EE16B063,EE3005$outside
EE16B063,EE4371$outside
EE16B064,CS5691$outside
EE16B064,EE4371$outside
EE16B064,EE3005$outside
EE16B065,EE4371$outside
EE16B065,EE3005$outside
EE16B065,EE2003$outside
EE16B065,EE3002$outside
EE16B066,EE3005$outside
EE16B066,EE4371$outside
EE16B066,EE3002$outside
EE16B067,EE3005$outside
EE16B067,EE3003$outside
EE16B067,EE3002$outside
EE16B068,EE6132$outside
EE16B068,EE3005$outside
EE16B068,EE3002$outside
EE16B069,EE3005$outside
EE16B069,EE4371$outside
EE16B069,EE3002$outside
EE16B070,EE3002$outside
EE16B070,EE3005$outside
EE16B071,EE2003$outside
EE16B071,EE3005$outside
EE16B071,EE4371$outside
EE16B071,EE3002$outside
EE16B073,ID4100$outside
EE16B073,EE6132$outside
EE16B073,EE3005$outside
EE16B101,EE4371$outside
EE16B101,EE2003$outside
EE16B102,EE3005$outside
EE16B102,CS2700$outside
EE16B102,EE3002$outside
EE16B102,EE4371$outside
EE16B103,EE3005$outside
EE16B103,EE4371$outside
EE16B104,EE3005$outside
EE16B104,EE3002$outside
EE16B105,EE3005$outside
EE16B105,EE4371$outside
EE16B106,EE3002$outside
EE16B106,EE3005$outside
EE16B107,EE3005$outside
EE16B108,EE3005$outside
EE16B108,EE4371$outside
EE16B108,EE3002$outside
EE16B108,EP3200$outside
EE16B109,EE3005$outside
EE16B111,EE4371$outside
EE16B111,EE3005$outside
EE16B112,EE3005$outside
EE16B112,EE4140$outside
EE16B112,EE3002$outside
EE16B114,EE3005$outside
EE16B115,EE3003$outside
EE16B116,EE4371$outside
EE16B116,EE3005$outside
EE16B116,EE3002$outside
EE16B117,EE4371$outside
EE16B117,EE3005$outside
EE16B118,EE3005$outside
EE16B118,EE3002$outside
EE16B120,EE4371$outside
EE16B120,EE3005$outside
EE16B121,EE3005$outside
EE16B122,EE3005$outside
EE16B122,EE2003$outside
EE16B123,EE3002$outside
EE16B123,EE3005$outside
EE16B124,EE3005$outside
EE16B124,EE4371$outside
EE16B125,EE3005$outside
EE16B125,EE4371$outside
EE16B126,EE3005$outside
EE16B126,EE2003$outside
EE16B127,EE4371$outside
EE16B127,EE4140$outside
EE16B127,EE3005$outside
EE16B128,EE4371$outside
EE16B128,EE3005$outside
EE16B128,EE3002$outside
EE16B129,EE3005$outside
EE16B130,EE3005$outside
EE16B131,EE2003$outside
EE16B131,EE3003$outside
EE16B131,EE3005$outside
EE16B132,EE4140$outside
EE16B132,EE3005$outside
EE16B132,EE3002$outside
EE16B132,EE2003$outside
EE16B132,EE5011$inside
EE16B133,EE3005$outside
EE16B134,EE3005$outside
EE16B134,EE3002$outside
EE16B135,EE3003$outside
EE16B135,EE2003$outside
EE16B136,EE3002$outside
EE16B136,EE2003$outside
EE16B136,EE3005$outside
EE16B137,EE3005$outside
EE16B138,EE2003$outside
EE16B138,EE3005$outside
EE16B139,EE3003$outside
EE16B140,EE4140$outside
EE16B140,EE4371$outside
EE16B140,EE3005$outside
EE16B140,EE3002$outside
EE16B140,EE5011$inside
EE16B141,EE3005$outside
EE16B141,EE2003$outside
EE16B141,EE4371$outside
EE16B142,EE3005$outside
EE16B142,EE3002$outside
EE16B143,EE4140$outside
EE16B143,EE3005$outside
EE16B143,EE3002$outside
EE16B143,EE5311$outside
EE16B143,EE2003$outside
EE16B144,EE2003$outside
EE16B144,EE3005$outside
EE16B145,EE4371$outside
EE16B145,EE3005$outside
EE16B145,EE2003$outside
EE16B146,EE4371$outside
EE16B146,EE3005$outside
EE16B147,EE4371$outside
EE16B147,EE2003$outside
EE16B148,EE2003$outside
EE16B148,EE3005$outside
EE16B148,EE3002$outside
EE16B148,EE5011$inside
EE16B149,EE3002$outside
EE16B149,EE3005$outside
EE16B149,EE4371$outside
EE16B150,EE3005$outside
EE16B150,EE3002$outside
EE16B151,EE4371$outside
EE16B151,EE3002$outside
EE16B151,EE3005$outside
EE16B151,EE2003$outside
EE16B152,EE3002$outside
EE16B152,EE3005$outside
EE16B153,EE3002$outside
EE16B153,EE2003$outside
EE16B153,EE3005$outside
EE16B154,EE3005$outside
EE16B154,EE3002$outside
EE16B156,EE3005$outside
EE16B156,EE2003$outside
EE16B156,EE4371$outside
EE16B157,EE3005$outside
EE16B157,EE3002$outside
EE16B158,EE3005$outside
EE16B158,EE3002$outside
EE16B158,EE3003$outside
EE16B159,EE3005$outside
EE16B160,EE3005$outside
EE16B160,EE3002$outside
EE17B002,EP3200$outside
EE17B010,EE3301$inside
EE17B012,EP3200$outside
EE17B030,EP3200$outside
EE17B044,EE3301$inside
EE17B052,ID4100$outside
EE17B054,EE3301$inside
EE17B061,EP3200$outside
EE17B072,ID4100$outside
EE17B073,EE1100$outside
EE17B135,EP3200$outside
EE17B138,EE5011$inside
EP15B001,PH5460$inside
EP15B002,EE4371$outside
EP15B002,EE3005$outside
EP15B002,EE6132$outside
EP15B003,PH2170$inside
EP15B003,PH5460$inside
EP15B003,PH5840$inside
EP15B004,PH5460$inside
EP15B005,PH5211$outside
EP15B007,PH5460$inside
EP15B007,PH5840$inside
EP15B008,CS2700$outside
EP15B008,PH2170$inside
EP15B009,PH5840$inside
EP15B010,PH5460$inside
EP15B010,PH5840$inside
EP15B011,EE5150$outside
EP15B011,EE1102$outside
EP15B012,PH5840$inside
EP15B012,EE5150$outside
EP15B012,EE3005$outside
EP15B013,EE4371$outside
EP15B014,EE5311$outside
EP15B014,EE6341$outside
EP15B014,EE3313$outside
EP15B014,EE3002$outside
EP15B014,EE5200$outside
EP15B015,EE5411$outside
EP15B017,EE4371$outside
EP15B017,EE4140$outside
EP15B017,EE3002$outside
EP15B017,EE5311$outside
EP15B018,PH5840$inside
EP15B018,PH5110$outside
EP15B018,PH2170$inside
EP15B019,PH5211$outside
EP15B019,PH3500$inside
EP15B020,PH5460$inside
EP15B020,PH5211$outside
EP15B023,PH5211$outside
EP15B023,PH5460$inside
EP15B023,PH5840$inside
EP15B024,PH5460$inside
EP15B024,PH2170$inside
EP15B024,PH3500$inside
EP15B025,EE4371$outside
EP15B025,PH5840$inside
EP15B027,PH5840$inside
EP15B027,EE4371$outside
EP15B028,EE4708$outside
EP15B030,PH5460$inside
EP15B030,PH5840$inside
EP15B031,EE5411$outside
EP15B031,HS3050$outside
EP16B001,EE3005$outside
EP16B001,EE4371$outside
EP16B002,EE3005$outside
EP16B002,EE3002$outside
EP16B003,PH5460$inside
EP16B003,PH5840$inside
EP16B004,EE4371$outside
EP16B004,CS2700$outside
EP16B005,PH5840$inside
EP16B005,PH5460$inside
EP16B006,EE3005$outside
EP16B006,EE4371$outside
EP16B007,PH5460$inside
EP16B008,PH5460$inside
EP16B008,EE3005$outside
EP16B008,CS2700$outside
EP16B008,EE4371$outside
EP16B008,PH5840$inside
EP16B009,EE4371$outside
EP16B010,EE3005$outside
EP16B011,PH5460$inside
EP16B011,EE3005$outside
EP16B011,EE4371$outside
EP16B011,PH5840$inside
EP16B012,PH5460$inside
EP16B012,EE4371$outside
EP16B013,PH5460$inside
EP16B013,PH5840$inside
EP16B014,EE4371$outside
EP16B020,PH5840$inside
EP16B020,EP3200$outside
EP16B020,EE3002$outside
EP16B022,PH5840$inside
EP16B024,EE3005$outside
EP16B024,EE4371$outside
EP16B024,PH5840$inside
EP16B024,PH5460$inside
EP16B025,EE3005$outside
EP16B026,EE3005$outside
EP16B026,EE4371$outside
EP16B027,PH5460$inside
EP16B027,EE3002$outside
EP16B027,EP3200$outside
EP16B027,EE4371$outside
EP16B028,EE4371$outside
EP16B028,PH5840$inside
EP16B029,PH5460$inside
EP16B029,PH5840$inside
EP16B030,PH5840$inside
EP16B030,EE3002$outside
EP16B030,PH5460$inside
EP16B030,EE4371$outside
EP17B005,PH5211$outside
EP17B018,EE2025$outside
EP17B027,PH5211$outside
ME15B001,ME5303$outside
ME15B001,ME5204$inside
ME15B001,ME5307$outside
ME15B001,ME6280$outside
ME15B002,EE4371$outside
ME15B002,CS2700$outside
ME15B002,ME7020$outside
ME15B002,ME6280$outside
ME15B002,ME5323$outside
ME15B003,ME5103$outside
ME15B003,ME6127$outside
ME15B003,ME6280$outside
ME15B003,ME5204$inside
ME15B003,ME5303$outside
ME15B005,ME6280$outside
ME15B005,ID4100$outside
ME15B005,ME5204$inside
ME15B006,ME5204$inside
ME15B006,ME6280$outside
ME15B006,ME5303$outside
ME15B006,ME5307$outside
ME15B007,ME5303$outside
ME15B007,ME7020$outside
ME15B007,ME5204$inside
ME15B007,ME5307$outside
ME15B007,ME5323$outside
ME15B009,ME6280$outside
ME15B009,ME4550$outside
ME15B009,ID4100$outside
ME15B009,ME6127$outside
ME15B009,ME5109$outside
ME15B009,ME5107$outside
ME15B009,ME5103$outside
ME15B010,ME5103$outside
ME15B010,ME6280$outside
ME15B010,ME6127$outside
ME15B010,ME6060$outside
ME15B010,ME5303$outside
ME15B010,ME5204$inside
ME15B011,ME6280$outside
ME15B011,ME5204$inside
ME15B011,ME5132$outside
ME15B012,ME5132$outside
ME15B012,EE4371$outside
ME15B013,ME6280$outside
ME15B013,ME5307$outside
ME15B014,ME6280$outside
ME15B014,ME5307$outside
ME15B015,ME5323$outside
ME15B015,ME5303$outside
ME15B015,ME5307$outside
ME15B015,ME5305$outside
ME15B016,ME5307$outside
ME15B016,ME6280$outside
ME15B017,ME6280$outside
ME15B017,ME5129$outside
ME15B017,ME6127$outside
ME15B018,ME5103$outside
ME15B018,ME6280$outside
ME15B018,ME3250$outside
ME15B018,ME6127$outside
ME15B018,ME4550$outside
ME15B018,ME7020$outside
ME15B019,ME6280$outside
ME15B019,ME5129$outside
ME15B019,ME6127$outside
ME15B020,ME6127$outside
ME15B020,ME6280$outside
ME15B020,ME5303$outside
ME15B021,ME5132$outside
ME15B021,ME5303$outside
ME15B021,ME4550$outside
ME15B022,ME5132$outside
ME15B022,ME5204$inside
ME15B022,ME5107$outside
ME15B022,ME6280$outside
ME15B024,ME5129$outside
ME15B024,ME6280$outside
ME15B024,ME6127$outside
ME15B025,ME5129$outside
ME15B025,ME6280$outside
ME15B025,ME4550$outside
ME15B026,ME5132$outside
ME15B026,ME6280$outside
ME15B026,ME5204$inside
ME15B026,ME5107$outside
ME15B027,ME6280$outside
ME15B027,ME5132$outside
ME15B027,ME5204$inside
ME15B028,ME6580$outside
ME15B028,ME7200$outside
ME15B029,ME7020$outside
ME15B029,ME6280$outside
ME15B029,ME4550$outside
ME15B031,ME5204$inside
ME15B032,ME3250$outside
ME15B033,ME3250$outside
ME15B033,EE4371$outside
ME15B033,CS2700$outside
ME15B034,ME4550$outside
ME15B034,ME5132$outside
ME15B034,ME5204$inside
ME15B034,ME5107$outside
ME15B035,ME5303$outside
ME15B035,ME5132$outside
ME15B035,ME5305$outside
ME15B035,ME6060$outside
ME15B035,ME6280$outside
ME15B035,ME5204$inside
ME15B035,ME7020$outside
ME15B036,ME4550$outside
ME15B036,ME5107$outside
ME15B036,ME5204$inside
ME15B037,ME5132$outside
ME15B038,ME5204$inside
ME15B040,PH5211$outside
ME15B040,ME6580$outside
ME15B040,ME7200$outside
ME15B041,ME4550$outside
ME15B041,ID4100$outside
ME15B041,ME6280$outside
ME15B041,ME5109$outside
ME15B041,ME6127$outside
ME15B041,ME5107$outside
ME15B041,ME5103$outside
ME15B043,ME6280$outside
ME15B043,ME6226$outside
ME15B044,ME5303$outside
ME15B044,ME6280$outside
ME15B044,ME5103$outside
ME15B044,ME6333$outside
ME15B045,ME7020$outside
ME15B045,ME5303$outside
ME15B045,ME4550$outside
ME15B045,ID4100$outside
ME15B046,ME5132$outside
ME15B047,ME6127$outside
ME15B047,ME6280$outside
ME15B048,ME5303$outside
ME15B049,ME5303$outside
ME15B049,ME5305$outside
ME15B050,ME3250$outside
ME15B050,ME5012$outside
ME15B050,ME5323$outside
ME15B050,ME5107$outside
ME15B050,ME5204$inside
ME15B050,ME5109$outside
ME15B050,ME5307$outside
ME15B050,ME5303$outside
ME15B050,ME5132$outside
ME15B051,ME6127$outside
ME15B053,ME5132$outside
ME15B053,ME6280$outside
ME15B053,ME5129$outside
ME15B054,ME6280$outside
ME15B054,ME5132$outside
ME15B055,ME6280$outside
ME15B056,ME6280$outside
ME15B056,ME3250$outside
ME15B056,ME5132$outside
ME15B058,ME6127$outside
ME15B058,ME6280$outside
ME15B059,ME5204$inside
ME15B060,ME5107$outside
ME15B060,CS5691$outside
ME15B060,ID4100$outside
ME15B061,ME5132$outside
ME15B061,ME6280$outside
ME15B062,ME5132$outside
ME15B064,ME5132$outside
ME15B064,EE4371$outside
ME15B065,EE4371$outside
ME15B065,ME5132$outside
ME15B066,ME5132$outside
ME15B066,EE4371$outside
ME15B067,ME3250$outside
ME15B067,ME5132$outside
ME15B067,EE4371$outside
ME15B068,EE4371$outside
ME15B068,ME5132$outside
ME15B069,ME5132$outside
ME15B069,ME5323$outside
ME15B070,ME5129$outside
ME15B070,ME5132$outside
ME15B070,ME5107$outside
ME15B071,ME5132$outside
ME15B071,ME5129$outside
ME15B071,ME5109$outside
ME15B071,ME5107$outside
ME15B072,ME5132$outside
ME15B072,ME5109$outside
ME15B073,CS2710$outside
ME15B074,ME5132$outside
ME15B076,ME6060$outside
ME15B076,ID4100$outside
ME15B077,ME5132$outside
ME15B079,ME5303$outside
ME15B080,ME6280$outside
ME15B080,ME5303$outside
ME15B081,ME6280$outside
ME15B081,ME5303$outside
ME15B082,ME5303$outside
ME15B083,ME5307$outside
ME15B083,ME5303$outside
ME15B083,ME5323$outside
ME15B083,ME5305$outside
ME15B084,ME6280$outside
ME15B084,ID4100$outside
ME15B087,EE4371$outside
ME15B087,ME6280$outside
ME15B088,ME5307$outside
ME15B088,ME5323$outside
ME15B088,ME5305$outside
ME15B088,ME5303$outside
ME15B089,ME5307$outside
ME15B089,ME5323$outside
ME15B089,ME5305$outside
ME15B089,ME5303$outside
ME15B090,ME5307$outside
ME15B090,ME5323$outside
ME15B090,ME5305$outside
ME15B090,ME5303$outside
ME15B091,ME5323$outside
ME15B091,ME5303$outside
ME15B091,ME5305$outside
ME15B091,ME5307$outside
ME15B092,ME5107$outside
ME15B092,ME5109$outside
ME15B092,ME3250$outside
ME15B092,ME5103$outside
ME15B093,ME5107$outside
ME15B093,ME5109$outside
ME15B093,ME3250$outside
ME15B094,ME5307$outside
ME15B094,ME5303$outside
ME15B094,ME5305$outside
ME15B094,ME5323$outside
ME15B095,EE4371$outside
ME15B096,ME5303$outside
ME15B096,ME5307$outside
ME15B096,ME5305$outside
ME15B096,ME5323$outside
ME15B097,ME5303$outside
ME15B097,ME5305$outside
ME15B097,ME5307$outside
ME15B097,ME5323$outside
ME15B097,ME7020$outside
ME15B098,ME5305$outside
ME15B098,ME5323$outside
ME15B098,ME3250$outside
ME15B098,ME7020$outside
ME15B098,ME5307$outside
ME15B099,ME5132$outside
ME15B100,ME5307$outside
ME15B100,ME5323$outside
ME15B100,ME5303$outside
ME15B100,ME5305$outside
ME15B102,CS5691$outside
ME15B102,EE4371$outside
ME15B104,ME5303$outside
ME15B104,ME5204$inside
ME15B105,ME6580$outside
ME15B106,ME5303$outside
ME15B106,ME5307$outside
ME15B106,ME5305$outside
ME15B106,ME5323$outside
ME15B107,ME5204$inside
ME15B107,EE4708$outside
ME15B108,ME6127$outside
ME15B108,ME6580$outside
ME15B109,ME5307$outside
ME15B109,ME5323$outside
ME15B109,ME5305$outside
ME15B109,ME5303$outside
ME15B109,ME5204$inside
ME15B110,ME5204$inside
ME15B111,ME5107$outside
ME15B111,ME5109$outside
ME15B111,ME3250$outside
ME15B113,ME5107$outside
ME15B113,ME5109$outside
ME15B114,ME5204$inside
ME15B115,ME5303$outside
ME15B116,ME5107$outside
ME15B116,ME5109$outside
ME15B117,ME5307$outside
ME15B117,ME5303$outside
ME15B117,ME5323$outside
ME15B117,ME5305$outside
ME15B117,CS2700$outside
ME15B119,ME5204$inside
ME15B119,ME5303$outside
ME15B119,EE5411$outside
ME15B120,ME5323$outside
ME15B120,ME5132$outside
ME15B120,CS2700$outside
ME15B121,ME5323$outside
ME15B121,ME5305$outside
ME15B121,ME5307$outside
ME15B121,ME5303$outside
ME15B122,ME5303$outside
ME15B122,ME5305$outside
ME15B122,ME5307$outside
ME15B122,ME5323$outside
ME15B123,EE5411$outside
ME15B123,EE5410$outside
ME15B124,ME5303$outside
ME15B125,ME5132$outside
ME15B125,ME5204$inside
ME15B126,ME5323$outside
ME15B126,ME5303$outside
ME15B127,ME5132$outside
ME15B127,ME5109$outside
ME15B127,ME5107$outside
ME15B128,ME5107$outside
ME15B128,ME5109$outside
ME15B128,ME3250$outside
ME15B130,ME5132$outside
ME15B130,ME5107$outside
ME15B130,ME5109$outside
ME15B130,ME3250$outside
ME15B131,ME5307$outside
ME15B131,ME5303$outside
ME15B131,ME5323$outside
ME15B131,ME5305$outside
ME15B131,CS2700$outside
ME15B133,EE5411$outside
ME15B133,ME5303$outside
ME15B135,ME5307$outside
ME15B135,ME5323$outside
ME15B135,ME5303$outside
ME15B135,ME5305$outside
ME15B136,ME5103$outside
ME15B136,CS2700$outside
ME15B136,ME5303$outside
ME15B136,ME5132$outside
ME15B137,ME5204$inside
ME15B137,ME5303$outside
ME15B137,ME6580$outside
ME15B137,ME5323$outside
ME15B139,CS5691$outside
ME15B139,ME5303$outside
ME15B140,ME5303$outside
ME15B143,ME5204$inside
ME15B144,ME5303$outside
ME15B146,ID4100$outside
ME15B147,ME5303$outside
ME15B148,ME5307$outside
ME15B148,ME5303$outside
ME15B148,ME5305$outside
ME15B148,ME5323$outside
ME15B150,ME5107$outside
ME15B150,ME4550$outside
ME15B151,ME5103$outside
ME15B151,ME5107$outside
ME15B152,ME5303$outside
ME15B152,ME5204$inside
ME15B152,ID4100$outside
ME15B153,ME7020$outside
ME15B153,EE6132$outside
ME15B153,ME5103$outside
ME15B155,ME6280$outside
ME15B155,ME5132$outside
ME15B155,ID4100$outside
ME15B156,EE4708$outside
ME15B157,ME5132$outside
ME15B157,ME5303$outside
ME15B157,ME5204$inside
ME15B157,ME6280$outside
ME15B158,ME5132$outside
ME15B158,ME7020$outside
ME15B160,ME6280$outside
ME15B160,ME3250$outside
ME15B160,ME5132$outside
ME15B162,ME5103$outside
ME15B162,ME5303$outside
ME15B162,ME5107$outside
ME15B162,ME5129$outside
ME15B162,ME5109$outside
ME15B163,ID4100$outside
ME15B163,ME5323$outside
ME15B164,ME7020$outside
ME15B164,ME5305$outside
ME15B165,ME6280$outside
ME15B165,ME5323$outside
ME15B165,ME6580$outside
ME15B165,ME5303$outside
ME16B014,CS5691$outside
ME16B014,EE4708$outside
ME16B024,CS5691$outside
ME16B024,EE4708$outside
ME16B032,ID4100$outside
ME16B045,ME5323$outside
ME16B046,ID4100$outside
ME16B056,ME5307$outside
ME16B056,ME5323$outside
ME16B057,ME5307$outside
ME16B057,ME5109$outside
ME16B057,ME6280$outside
ME16B057,ME5301$outside
ME16B058,ME5307$outside
ME16B059,ME5323$outside
ME16B060,ME5307$outside
ME16B063,ME5323$outside
ME16B063,ME3124$inside
ME16B068,ME5323$outside
ME16B068,IL4020$outside
ME16B069,ME5323$outside
ME16B069,ME3124$inside
ME16B071,ME5323$outside
ME16B074,ME5323$outside
ME16B074,ME5307$outside
ME16B078,ME3124$inside
ME16B078,ME5323$outside
ME16B104,EE4371$outside
ME16B111,ME3124$inside
ME16B112,EE4371$outside
ME16B118,EE4371$outside
ME16B119,ME3124$inside
ME16B121,ME5323$outside
ME16B122,EE4371$outside
ME16B125,ME3250$outside
ME16B126,ME5323$outside
ME16B128,EE4371$outside
ME16B128,ME3250$outside
ME16B129,EE2025$outside
ME16B130,EE4371$outside
ME16B134,EE2025$outside
ME16B137,ME3124$inside
ME16B140,ME5012$outside
ME16B140,ME5307$outside
ME16B142,ME3124$inside
ME16B144,ME5323$outside
ME16B148,ME3250$outside
ME16B149,ME3124$inside
ME16B152,ME5323$outside
ME16B152,ME6580$outside
ME16B160,EE4371$outside
ME16B161,ME5323$outside
ME16B164,ME6226$outside
ME16B165,ME5307$outside
ME16B169,ME3124$inside
ME16B170,EE4371$outside
ME16B171,ME3250$outside
ME16B172,CS4900$outside
ME16B174,ME5323$outside
ME16B176,ME5323$outside
MM15B002,ME5301$outside
MM15B004,EE5346$outside
MM15B013,EE4708$outside
MM15B013,EE4371$outside
MM15B020,ME7244$outside
MM15B021,EE4371$outside
MM15B030,EE5345$outside
MM15B030,EE6341$outside
MM15B030,EE5312$outside
MM15B032,CS2710$outside
MM15B039,EE4708$outside
MM15B040,ID4100$outside
MM15B048,ME5132$outside
MM16B005,EE3006slotR$outside
MM16B026,ME5323$outside
MM17B020,EE1100$outside
MM17B023,EE1100$outside
MM17B025,EE1100$outside
MM17B025,EE3002$outside
MM17B028,EE1100$outside
MM17B101,EE1100$outside
NA15B001,EE4371$outside
NA15B002,CS2700$outside
NA15B003,OE4050$outside
NA15B006,EE4371$outside
NA15B007,EE4371$outside
NA15B008,EE4371$outside
NA15B008,OE4050$outside
NA15B010,EE4371$outside
NA15B011,OE4050$outside
NA15B013,EE4371$outside
NA15B013,OE4050$outside
NA15B014,OE4050$outside
NA15B016,OE4050$outside
NA15B018,OE4050$outside
NA15B019,OE4050$outside
NA15B021,EE4371$outside
NA15B021,CS2700$outside
NA15B021,OE4050$outside
NA15B023,OE4050$outside
NA15B028,OE4050$outside
NA15B029,OE4050$outside
NA15B031,OE4050$outside
NA15B032,OE4050$outside
NA15B033,EE4371$outside
NA15B034,OE3190$outside
NA15B036,EE4371$outside
NA15B044,OE4050$outside
NA15B048,OE4050$outside
NA15B049,CS5691$outside
NA15B049,CS2700$outside
NA16B003,OE3190$outside
NA16B007,OE3190$outside
NA16B010,EE4371$outside
NA16B013,EE4371$outside
NA16B014,OE3190$outside
NA16B017,OE3190$outside
NA16B020,OE3190$outside
NA16B024,OE3190$outside
NA16B025,OE3190$outside
NA16B027,OE3190$outside
NA16B027,EE4371$outside
NA16B028,OE3190$outside
NA16B028,EE4371$outside
NA16B029,OE3190$outside
NA16B030,EE4371$outside
NA16B031,OE3190$outside
NA16B033,EE4371$outside
NA16B036,OE3190$outside
NA16B037,OE3190$outside
NA16B038,OE3190$outside
NA16B102,OE3190$outside
NA16B103,OE3190$outside
NA16B104,OE3190$outside
NA16B106,OE3190$outside
NA16B108,EE4371$outside
NA16B112,EE4371$outside
NA16B117,OE3190$outside
NA16B117,EE4371$outside
NA16B117,ID4100$outside
PH15B001,PH5210$outside
PH15B001,PH5211$outside
PH15B001,PH5460$inside
PH15B001,PH5840$inside
PH15B005,PH5210$outside
PH15B005,PH5211$outside
PH15B005,PH5460$inside
PH15B005,PH5840$inside
PH15B006,PH5211$outside
PH15B006,PH5210$outside
PH15B006,PH5460$inside
PH15B006,PH5840$inside
PH15B007,PH5460$inside
PH15B007,PH5840$inside
PH15B007,PH5211$outside
PH15B007,PH5210$outside
PH15B008,PH5211$outside
PH15B008,PH5460$inside
PH15B008,PH5210$outside
PH15B008,PH5110$outside
PH15B008,PH5840$inside
PH15B009,PH5211$outside
PH15B009,PH5210$outside
PH15B009,PH5840$inside
PH16B002,PH5460$inside
PH16B004,PH5840$inside
PH16B006,PH5460$inside
PH16B007,PH5460$inside
