Course ID,Number of Rejections,Course Capacity,Number of Rejections / Capacity
AM1100$inside,0,0,0.0
AM1100$outside,0,0,0.0
AM2200$inside,0,0,0.0
AM2200$outside,0,0,0.0
AM2530$inside,0,0,0.0
AM2530$outside,0,0,0.0
AM2540$inside,0,0,0.0
AM2540$outside,0,0,0.0
AM5010$inside,0,0,0.0
AM5010$outside,0,20,0.0
AM5011$inside,0,0,0.0
AM5011$outside,0,20,0.0
AM5014$inside,0,0,0.0
AM5014$outside,0,20,0.0
AM5016$inside,0,0,0.0
AM5016$outside,0,20,0.0
AM5021$inside,0,0,0.0
AM5021$outside,0,20,0.0
AM5024$inside,0,0,0.0
AM5024$outside,0,20,0.0
AM5030$inside,0,0,0.0
AM5030$outside,0,20,0.0
AM5050$inside,0,0,0.0
AM5050$outside,0,20,0.0
AM5119$inside,0,0,0.0
AM5119$outside,0,20,0.0
AM5390$inside,0,0,0.0
AM5390$outside,0,20,0.0
AM5450$inside,0,0,0.0
AM5450$outside,0,20,0.0
AM5510$inside,0,0,0.0
AM5510$outside,0,20,0.0
AM5530$inside,0,0,0.0
AM5530$outside,0,15,0.0
AM5540$inside,0,0,0.0
AM5540$outside,0,20,0.0
AM5600$inside,0,0,0.0
AM5600$outside,0,25,0.0
AM5630$inside,0,0,0.0
AM5630$outside,0,25,0.0
AM5640$inside,0,0,0.0
AM5640$outside,0,20,0.0
AM5650$inside,0,0,0.0
AM5650$outside,0,20,0.0
AM5801$inside,0,0,0.0
AM5801$outside,0,25,0.0
AM5810$inside,0,0,0.0
AM5810$outside,0,25,0.0
AM6516$inside,0,0,0.0
AM6516$outside,0,20,0.0
AS1020*$inside,0,0,0.0
AS1020*$outside,0,4,0.0
AS1020$inside,0,0,0.0
AS1020$outside,0,4,0.0
AS2010$inside,0,0,0.0
AS2010$outside,0,4,0.0
AS2010*$inside,0,0,0.0
AS2010*$outside,0,4,0.0
AS2040*$inside,0,0,0.0
AS2040*$outside,0,4,0.0
AS2040$inside,0,0,0.0
AS2040$outside,0,4,0.0
AS2100$inside,0,0,0.0
AS2100$outside,0,0,0.0
AS2101$inside,0,0,0.0
AS2101$outside,0,0,0.0
AS2520$inside,0,0,0.0
AS2520$outside,0,0,0.0
AS3020$inside,0,0,0.0
AS3020$outside,0,4,0.0
AS3020*$inside,0,0,0.0
AS3020*$outside,0,4,0.0
AS3270$inside,0,0,0.0
AS3270$outside,0,8,0.0
AS4600$inside,0,60,0.0
AS4600$outside,0,0,0.0
AS5100$inside,0,60,0.0
AS5100$outside,0,0,0.0
AS5320$inside,0,72,0.0
AS5320$outside,0,8,0.0
AS5370$inside,0,80,0.0
AS5370$outside,0,0,0.0
AS5420$inside,0,72,0.0
AS5420$outside,0,8,0.0
AS5470$inside,0,72,0.0
AS5470$outside,0,8,0.0
AS5545$inside,0,72,0.0
AS5545$outside,0,8,0.0
AS5550$inside,0,72,0.0
AS5550$outside,0,8,0.0
AS5570$inside,0,72,0.0
AS5570$outside,0,8,0.0
AS5610$inside,0,72,0.0
AS5610$outside,0,8,0.0
AS5711$inside,0,72,0.0
AS5711$outside,8,8,1.0
AS5880$inside,0,72,0.0
AS5880$outside,0,8,0.0
AS5925$inside,0,72,0.0
AS5925$outside,0,8,0.0
AS6020$inside,0,72,0.0
AS6020$outside,0,8,0.0
AS6420$inside,0,72,0.0
AS6420$outside,0,8,0.0
BT1000$inside,0,0,0.0
BT1000$outside,0,0,0.0
BT1010$inside,0,0,0.0
BT1010$outside,0,0,0.0
BT1022$inside,0,30,0.0
BT1022$outside,8,10,0.8
BT2010$inside,0,0,0.0
BT2010$outside,0,10,0.0
BT2012$inside,0,30,0.0
BT2012$outside,0,20,0.0
BT2030$inside,0,0,0.0
BT2030$outside,0,10,0.0
BT2062$inside,0,30,0.0
BT2062$outside,0,10,0.0
BT2111$inside,0,0,0.0
BT2111$outside,0,0,0.0
BT2112$inside,0,0,0.0
BT2112$outside,0,0,0.0
BT2121$inside,0,0,0.0
BT2121$outside,0,0,0.0
BT3012$inside,0,0,0.0
BT3012$outside,0,10,0.0
BT3032$inside,0,30,0.0
BT3032$outside,0,30,0.0
BT3051$inside,0,60,0.0
BT3051$outside,25,20,1.25
BT3072$inside,0,30,0.0
BT3072$outside,0,20,0.0
BT3110$inside,0,0,0.0
BT3110$outside,0,0,0.0
BT3121$inside,0,40,0.0
BT3121$outside,0,0,0.0
BT3230$inside,0,40,0.0
BT3230$outside,0,40,0.0
BT4110$inside,0,20,0.0
BT4110$outside,0,0,0.0
BT5011$inside,0,40,0.0
BT5011$outside,0,20,0.0
BT5012$inside,0,40,0.0
BT5012$outside,0,20,0.0
BT5031$inside,0,20,0.0
BT5031$outside,0,20,0.0
BT5051$inside,0,40,0.0
BT5051$outside,0,20,0.0
BT5071$inside,0,30,0.0
BT5071$outside,0,20,0.0
BT5130$inside,0,15,0.0
BT5130$outside,0,15,0.0
BT5170$inside,0,30,0.0
BT5170$outside,0,10,0.0
BT5230$inside,0,30,0.0
BT5230$outside,0,20,0.0
BT5370$inside,0,40,0.0
BT5370$outside,0,20,0.0
BT5420$inside,0,30,0.0
BT5420$outside,0,20,0.0
BT6230$inside,0,30,0.0
BT6230$outside,0,20,0.0
BT6270$inside,0,40,0.0
BT6270$outside,0,40,0.0
BT6320$inside,0,30,0.0
BT6320$outside,0,20,0.0
BT6540$inside,0,40,0.0
BT6540$outside,2,0,0.0
CA6120$inside,0,10,0.0
CA6120$outside,0,10,0.0
CE1010$inside,0,0,0.0
CE1010$outside,0,10,0.0
CE2040$inside,0,0,0.0
CE2040$outside,0,10,0.0
CE2080$inside,0,10,0.0
CE2080$outside,0,10,0.0
CE2310$inside,0,0,0.0
CE2310$outside,0,10,0.0
CE3010$inside,0,20,0.0
CE3010$outside,0,10,0.0
CE3030$inside,0,0,0.0
CE3030$outside,0,10,0.0
CE3060$inside,0,0,0.0
CE3060$outside,0,10,0.0
CE3280$inside,0,60,0.0
CE3280$outside,0,0,0.0
CE3310$inside,0,50,0.0
CE3310$outside,0,10,0.0
CE3320$inside,0,50,0.0
CE3320$outside,0,10,0.0
CE3350$inside,0,0,0.0
CE3350$outside,0,10,0.0
CE3410$inside,0,10,0.0
CE3410$outside,0,10,0.0
CE4030$inside,0,0,0.0
CE4030$outside,0,10,0.0
CE4670$inside,0,50,0.0
CE4670$outside,0,10,0.0
CE4720$inside,0,50,0.0
CE4720$outside,0,10,0.0
CE4810$inside,0,50,0.0
CE4810$outside,0,10,0.0
CE4901$inside,0,50,0.0
CE4901$outside,0,10,0.0
CE5010$inside,0,20,0.0
CE5010$outside,0,10,0.0
CE5012$inside,0,50,0.0
CE5012$outside,0,10,0.0
CE5020$inside,0,60,0.0
CE5020$outside,0,0,0.0
CE5060$inside,0,50,0.0
CE5060$outside,0,10,0.0
CE5070$inside,0,15,0.0
CE5070$outside,0,0,0.0
CE5110$inside,0,20,0.0
CE5110$outside,0,10,0.0
CE5120$inside,0,10,0.0
CE5120$outside,0,5,0.0
CE5130$inside,0,40,0.0
CE5130$outside,0,0,0.0
CE5150$inside,0,50,0.0
CE5150$outside,0,10,0.0
CE5190$inside,0,50,0.0
CE5190$outside,0,10,0.0
CE5310$inside,0,50,0.0
CE5310$outside,0,10,0.0
CE5320$inside,0,50,0.0
CE5320$outside,0,10,0.0
CE5330$inside,0,50,0.0
CE5330$outside,0,10,0.0
CE5331$inside,0,50,0.0
CE5331$outside,0,10,0.0
CE5450$inside,0,50,0.0
CE5450$outside,0,10,0.0
CE5460$inside,0,50,0.0
CE5460$outside,0,10,0.0
CE5470$inside,0,50,0.0
CE5470$outside,0,10,0.0
CE5530$inside,0,50,0.0
CE5530$outside,0,10,0.0
CE5620$inside,0,50,0.0
CE5620$outside,0,10,0.0
CE5630$inside,0,50,0.0
CE5630$outside,0,10,0.0
CE5650$inside,0,50,0.0
CE5650$outside,0,10,0.0
CE5710$inside,0,50,0.0
CE5710$outside,0,10,0.0
CE5720$inside,0,50,0.0
CE5720$outside,0,10,0.0
CE5740$inside,0,50,0.0
CE5740$outside,0,10,0.0
CE5810$inside,0,50,0.0
CE5810$outside,0,10,0.0
CE5830$inside,0,50,0.0
CE5830$outside,0,10,0.0
CE5831$inside,0,50,0.0
CE5831$outside,0,10,0.0
CE5870$inside,17,20,0.85
CE5870$outside,14,5,2.8
CE5900$inside,0,50,0.0
CE5900$outside,0,10,0.0
CE5910$inside,0,50,0.0
CE5910$outside,0,10,0.0
CE5950$inside,0,10,0.0
CE5950$outside,0,5,0.0
CE6010$inside,0,10,0.0
CE6010$outside,0,0,0.0
CE6015$inside,0,50,0.0
CE6015$outside,0,10,0.0
CE6050$inside,0,10,0.0
CE6050$outside,0,0,0.0
CE6330$inside,0,50,0.0
CE6330$outside,0,10,0.0
CE6670$inside,3,0,0.0
CE6670$outside,0,10,0.0
CE6750$inside,0,10,0.0
CE6750$outside,0,5,0.0
CE6780$inside,3,0,0.0
CE6780$outside,0,10,0.0
CH2010$inside,0,95,0.0
CH2010$outside,0,5,0.0
CH2012$inside,0,5,0.0
CH2012$outside,0,5,0.0
CH2013$inside,0,180,0.0
CH2013$outside,0,10,0.0
CH2061$inside,0,5,0.0
CH2061$outside,20,5,4.0
CH3010$inside,0,5,0.0
CH3010$outside,0,5,0.0
CH3030$inside,0,5,0.0
CH3030$outside,0,5,0.0
CH3150$inside,31,5,6.2
CH3150$outside,35,5,7.0
CH3170$inside,0,10,0.0
CH3170$outside,0,5,0.0
CH3510$inside,0,0,0.0
CH3510$outside,0,0,0.0
CH3520$inside,0,0,0.0
CH3520$outside,0,0,0.0
CH4010$inside,0,95,0.0
CH4010$outside,0,5,0.0
CH4030slotR$inside,0,100,0.0
CH4030slotR$outside,0,0,0.0
CH4030slotS$inside,0,100,0.0
CH4030slotS$outside,0,0,0.0
CH4050slotP$inside,0,100,0.0
CH4050slotP$outside,0,0,0.0
CH4050slotQ$inside,0,100,0.0
CH4050slotQ$outside,0,0,0.0
CH4530$inside,0,100,0.0
CH4530$outside,0,0,0.0
CH4960$inside,0,20,0.0
CH4960$outside,0,20,0.0
CH5011$inside,0,15,0.0
CH5011$outside,0,30,0.0
CH5014$inside,0,10,0.0
CH5014$outside,0,10,0.0
CH5016$inside,0,5,0.0
CH5016$outside,0,5,0.0
CH5020$inside,14,5,2.8
CH5020$outside,22,5,4.4
CH5025$inside,0,5,0.0
CH5025$outside,0,5,0.0
CH5080$inside,0,5,0.0
CH5080$outside,0,5,0.0
CH5120$inside,8,5,1.6
CH5120$outside,16,5,3.2
CH5130$inside,0,10,0.0
CH5130$outside,0,20,0.0
CH5170$inside,36,10,3.6
CH5170$outside,65,10,6.5
CH5190$inside,0,5,0.0
CH5190$outside,0,5,0.0
CH5240$inside,16,20,0.8
CH5240$outside,0,20,0.0
CH5350$inside,0,40,0.0
CH5350$outside,0,150,0.0
CH5370$inside,0,20,0.0
CH5370$outside,0,5,0.0
CH6060$inside,0,10,0.0
CH6060$outside,0,10,0.0
CH6760$inside,0,10,0.0
CH6760$outside,0,0,0.0
CS1100$inside,0,0,0.0
CS1100$outside,0,0,0.0
CS2300$inside,0,0,0.0
CS2300$outside,0,0,0.0
CS2310$inside,0,0,0.0
CS2310$outside,0,0,0.0
CS2700$inside,0,0,0.0
CS2700$outside,16,0,0.0
CS2710$inside,0,0,0.0
CS2710$outside,3,0,0.0
CS3100$inside,0,0,0.0
CS3100$outside,0,10,0.0
CS3300$inside,0,0,0.0
CS3300$outside,0,10,0.0
CS3500$inside,0,0,0.0
CS3500$outside,0,10,0.0
CS3700$inside,0,60,0.0
CS3700$outside,7,6,1.17
CS4900$inside,0,60,0.0
CS4900$outside,1,0,0.0
CS4910$inside,0,30,0.0
CS4910$outside,0,0,0.0
CS5020$inside,0,20,0.0
CS5020$outside,1,10,0.1
CS5691$inside,10,30,0.33
CS5691$outside,32,0,0.0
CS6014$inside,0,40,0.0
CS6014$outside,0,10,0.0
CS6023$inside,0,40,0.0
CS6023$outside,0,20,0.0
CS6024$inside,0,40,0.0
CS6024$outside,0,40,0.0
CS6100$inside,0,30,0.0
CS6100$outside,0,20,0.0
CS6120$inside,7,10,0.7
CS6120$outside,8,0,0.0
CS6230$inside,0,30,0.0
CS6230$outside,0,10,0.0
CS6251$inside,0,30,0.0
CS6251$outside,0,10,0.0
CS6360$inside,0,12,0.0
CS6360$outside,0,5,0.0
CS6570$inside,0,30,0.0
CS6570$outside,0,10,0.0
CS6600$inside,0,20,0.0
CS6600$outside,0,10,0.0
CS6700$inside,0,30,0.0
CS6700$outside,15,10,1.5
CS7011$inside,0,10,0.0
CS7011$outside,2,5,0.4
CS7015$inside,0,30,0.0
CS7015$outside,14,10,1.4
CS7111$inside,0,15,0.0
CS7111$outside,0,30,0.0
CY1001$inside,0,300,0.0
CY1001$outside,0,50,0.0
CY1002slotP1$inside,0,300,0.0
CY1002slotP1$outside,0,50,0.0
CY1002slotP2$inside,0,300,0.0
CY1002slotP2$outside,0,50,0.0
CY1002slotQ1$inside,0,300,0.0
CY1002slotQ1$outside,0,50,0.0
CY1002slotQ2$inside,0,300,0.0
CY1002slotQ2$outside,0,50,0.0
CY1002slotR1$inside,0,300,0.0
CY1002slotR1$outside,0,50,0.0
CY1002slotR2$inside,0,300,0.0
CY1002slotR2$outside,0,50,0.0
ED1021$inside,0,60,0.0
ED1021$outside,0,5,0.0
ED1031$inside,0,60,0.0
ED1031$outside,0,5,0.0
ED1034$inside,0,60,0.0
ED1034$outside,0,5,0.0
ED1090$inside,0,25,0.0
ED1090$outside,32,5,6.4
ED1091$inside,0,30,0.0
ED1091$outside,42,5,8.4
ED2011$inside,0,60,0.0
ED2011$outside,0,10,0.0
ED2012$inside,0,60,0.0
ED2012$outside,0,5,0.0
ED2130$inside,0,60,0.0
ED2130$outside,0,5,0.0
ED2141$inside,0,120,0.0
ED2141$outside,0,10,0.0
ED3010$inside,0,60,0.0
ED3010$outside,0,5,0.0
ED5011$inside,0,30,0.0
ED5011$outside,0,5,0.0
ED5016$inside,0,40,0.0
ED5016$outside,0,5,0.0
ED5040$inside,0,20,0.0
ED5040$outside,14,5,2.8
ED5050$inside,0,50,0.0
ED5050$outside,0,5,0.0
ED5052$inside,0,60,0.0
ED5052$outside,0,5,0.0
ED5053$inside,0,30,0.0
ED5053$outside,0,5,0.0
ED5080$inside,0,120,0.0
ED5080$outside,0,10,0.0
ED5160$inside,0,30,0.0
ED5160$outside,1,5,0.2
ED5200$inside,0,30,0.0
ED5200$outside,0,5,0.0
ED5312$inside,0,30,0.0
ED5312$outside,0,5,0.0
ED5314$inside,0,35,0.0
ED5314$outside,0,15,0.0
ED5315$inside,0,40,0.0
ED5315$outside,3,5,0.6
ED5317$inside,0,40,0.0
ED5317$outside,0,5,0.0
ED5330$inside,0,30,0.0
ED5330$outside,0,5,0.0
ED5800$inside,0,60,0.0
ED5800$outside,0,0,0.0
ED6001$inside,0,30,0.0
ED6001$outside,0,5,0.0
ED6002$inside,0,20,0.0
ED6002$outside,0,20,0.0
ED6006$inside,0,15,0.0
ED6006$outside,0,25,0.0
EE1100$inside,1,1,1.0
EE1100$outside,4,0,0.0
EE1102$inside,1,1,1.0
EE1102$outside,1,0,0.0
EE1103$inside,0,40,0.0
EE1103$outside,0,0,0.0
EE2003$inside,0,90,0.0
EE2003$outside,1,0,0.0
EE2015$inside,0,0,0.0
EE2015$outside,0,5,0.0
EE2016$inside,0,0,0.0
EE2016$outside,0,5,0.0
EE2025$inside,0,10,0.0
EE2025$outside,1,0,0.0
EE3002$inside,0,90,0.0
EE3002$outside,1,0,0.0
EE3003$inside,0,90,0.0
EE3003$outside,0,0,0.0
EE3004$inside,0,0,0.0
EE3004$outside,0,5,0.0
EE3005$inside,47,90,0.52
EE3005$outside,47,0,0.0
EE3006slotP$inside,0,1,0.0
EE3006slotP$outside,0,0,0.0
EE3006slotR$inside,0,1,0.0
EE3006slotR$outside,1,0,0.0
EE3301$inside,3,0,0.0
EE3301$outside,0,60,0.0
EE3313$inside,0,90,0.0
EE3313$outside,0,0,0.0
EE4140$inside,40,60,0.67
EE4140$outside,40,0,0.0
EE4371$inside,28,60,0.47
EE4371$outside,93,0,0.0
EE4502$inside,0,15,0.0
EE4502$outside,0,0,0.0
EE4708$inside,0,35,0.0
EE4708$outside,11,0,0.0
EE5011$inside,9,0,0.0
EE5011$outside,0,20,0.0
EE5120$inside,15,13,1.15
EE5120$outside,10,5,2.0
EE5142$inside,9,20,0.45
EE5142$outside,9,0,0.0
EE5150$inside,8,40,0.2
EE5150$outside,8,0,0.0
EE5200$inside,0,20,0.0
EE5200$outside,0,0,0.0
EE5201$inside,0,20,0.0
EE5201$outside,0,0,0.0
EE5204$inside,0,10,0.0
EE5204$outside,0,10,0.0
EE5253$inside,0,10,0.0
EE5253$outside,0,10,0.0
EE5311$inside,0,40,0.0
EE5311$outside,1,0,0.0
EE5312$inside,0,20,0.0
EE5312$outside,1,0,0.0
EE5325$inside,0,20,0.0
EE5325$outside,0,0,0.0
EE5345$inside,0,20,0.0
EE5345$outside,1,0,0.0
EE5346$inside,0,20,0.0
EE5346$outside,1,0,0.0
EE5410$inside,0,10,0.0
EE5410$outside,0,0,0.0
EE5411$inside,0,30,0.0
EE5411$outside,2,0,0.0
EE5413$inside,0,10,0.0
EE5413$outside,0,10,0.0
EE6132$inside,4,10,0.4
EE6132$outside,5,0,0.0
EE6324$inside,0,20,0.0
EE6324$outside,1,0,0.0
EE6341$inside,0,20,0.0
EE6341$outside,1,0,0.0
EP2090$inside,0,0,0.0
EP2090$outside,0,0,0.0
EP2100$inside,4,15,0.27
EP2100$outside,0,10,0.0
EP2102$inside,0,0,0.0
EP2102$outside,0,0,0.0
EP2110$inside,0,0,0.0
EP2110$outside,0,10,0.0
EP2210$inside,0,0,0.0
EP2210$outside,0,0,0.0
EP3120$inside,0,0,0.0
EP3120$outside,0,0,0.0
EP3200$inside,0,30,0.0
EP3200$outside,0,0,0.0
EP3290$inside,0,0,0.0
EP3290$outside,0,0,0.0
EP4040$inside,0,0,0.0
EP4040$outside,0,0,0.0
EP4140$inside,0,0,0.0
EP4140$outside,0,0,0.0
GN1101$inside,0,0,0.0
GN1101$outside,0,0,0.0
GN5001$inside,12,0,0.0
GN5001$outside,52,50,1.04
GN6101$inside,0,0,0.0
GN6101$outside,0,300,0.0
GN6106$inside,0,0,0.0
GN6106$outside,40,50,0.8
GN6107$inside,0,0,0.0
GN6107$outside,0,300,0.0
HS1090$inside,0,46,0.0
HS1090$outside,293,65,4.51
HS1110$inside,0,46,0.0
HS1110$outside,298,20,14.9
HS2030$inside,0,0,0.0
HS2030$outside,7,60,0.12
HS2050$inside,0,0,0.0
HS2050$outside,0,60,0.0
HS3002A$inside,0,0,0.0
HS3002A$outside,124,120,1.03
HS3002B$inside,0,0,0.0
HS3002B$outside,0,0,0.0
HS3002C$inside,0,0,0.0
HS3002C$outside,120,120,1.0
HS3002$inside,0,0,0.0
HS3002$outside,192,120,1.6
HS3007$inside,0,0,0.0
HS3007$outside,0,60,0.0
HS3031$inside,0,20,0.0
HS3031$outside,0,30,0.0
HS3050$inside,0,225,0.0
HS3050$outside,1,0,0.0
HS3060$inside,0,0,0.0
HS3060$outside,0,60,0.0
HS3420A$inside,0,0,0.0
HS3420A$outside,0,60,0.0
HS3420$inside,0,0,0.0
HS3420$outside,0,60,0.0
HS4001$inside,0,0,0.0
HS4001$outside,55,60,0.92
HS4002$inside,0,0,0.0
HS4002$outside,0,60,0.0
HS4005$inside,0,0,0.0
HS4005$outside,0,60,0.0
HS4010$inside,0,0,0.0
HS4010$outside,0,60,0.0
HS4031$inside,0,0,0.0
HS4031$outside,37,60,0.62
HS4210$inside,0,0,0.0
HS4210$outside,0,60,0.0
HS4290$inside,0,0,0.0
HS4290$outside,0,60,0.0
HS4300$inside,0,0,0.0
HS4300$outside,40,60,0.67
HS4350$inside,0,0,0.0
HS4350$outside,0,60,0.0
HS4571$inside,0,0,0.0
HS4571$outside,25,35,0.71
HS5920$inside,0,0,0.0
HS5920$outside,62,60,1.03
HS6940$inside,0,0,0.0
HS6940$outside,0,60,0.0
ID1200$inside,0,0,0.0
ID1200$outside,0,0,0.0
ID4100$inside,0,0,0.0
ID4100$outside,33,0,0.0
ID5030$inside,0,70,0.0
ID5030$outside,69,30,2.3
ID6010$inside,0,15,0.0
ID6010$outside,0,10,0.0
ID6040$inside,0,0,0.0
ID6040$outside,0,35,0.0
ID6060$inside,0,30,0.0
ID6060$outside,0,20,0.0
ID6070$inside,0,15,0.0
ID6070$outside,0,15,0.0
ID6103$inside,0,30,0.0
ID6103$outside,0,20,0.0
ID6105$inside,0,0,0.0
ID6105$outside,0,20,0.0
ID6106$inside,0,30,0.0
ID6106$outside,0,20,0.0
IL4020$inside,0,170,0.0
IL4020$outside,1,0,0.0
MA1101$inside,0,0,0.0
MA1101$outside,0,0,0.0
MA2010$inside,0,0,0.0
MA2010$outside,0,70,0.0
MA2020$inside,0,0,0.0
MA2020$outside,0,420,0.0
MA2031$inside,0,0,0.0
MA2031$outside,93,140,0.66
MA2040$inside,0,0,0.0
MA2040$outside,248,140,1.77
MA2130$inside,0,0,0.0
MA2130$outside,0,140,0.0
MA5014$inside,0,0,0.0
MA5014$outside,3,5,0.6
MA5310$inside,0,0,0.0
MA5310$outside,8,5,1.6
MA5330$inside,0,0,0.0
MA5330$outside,0,5,0.0
MA5350$inside,0,0,0.0
MA5350$outside,0,5,0.0
MA5370$inside,0,0,0.0
MA5370$outside,1,5,0.2
MA5390$inside,0,0,0.0
MA5390$outside,0,5,0.0
MA5400$inside,0,0,0.0
MA5400$outside,7,5,1.4
MA5430$inside,0,0,0.0
MA5430$outside,0,5,0.0
MA5440$inside,0,0,0.0
MA5440$outside,26,5,5.2
MA5450$inside,0,0,0.0
MA5450$outside,0,5,0.0
MA5470$inside,0,0,0.0
MA5470$outside,0,5,0.0
MA5490$inside,0,0,0.0
MA5490$outside,0,5,0.0
MA5540$inside,0,0,0.0
MA5540$outside,4,5,0.8
MA5710$inside,0,0,0.0
MA5710$outside,0,5,0.0
MA5720$inside,0,0,0.0
MA5720$outside,0,5,0.0
MA5741$inside,0,0,0.0
MA5741$outside,0,5,0.0
MA5890$inside,0,0,0.0
MA5890$outside,0,60,0.0
MA5910$inside,0,0,0.0
MA5910$outside,21,5,4.2
MA6080$inside,0,0,0.0
MA6080$outside,0,5,0.0
MA6200$inside,0,0,0.0
MA6200$outside,0,5,0.0
MA6270$inside,0,0,0.0
MA6270$outside,0,5,0.0
MA6380$inside,0,0,0.0
MA6380$outside,0,5,0.0
MA6470$inside,0,0,0.0
MA6470$outside,0,5,0.0
ME1100$inside,0,350,0.0
ME1100$outside,0,0,0.0
ME1480slotC$inside,0,0,0.0
ME1480slotC$outside,0,250,0.0
ME1480slotF$inside,0,0,0.0
ME1480slotF$outside,0,250,0.0
ME1480slotP1$inside,0,0,0.0
ME1480slotP1$outside,0,250,0.0
ME1480slotR1$inside,0,0,0.0
ME1480slotR1$outside,0,250,0.0
ME1480slotS1$inside,0,0,0.0
ME1480slotS1$outside,0,250,0.0
ME2201$inside,0,170,0.0
ME2201$outside,0,5,0.0
ME3101$inside,0,170,0.0
ME3101$outside,0,0,0.0
ME3103$inside,0,165,0.0
ME3103$outside,1,0,0.0
ME3124$inside,0,0,0.0
ME3124$outside,0,10,0.0
ME3126$inside,0,160,0.0
ME3126$outside,0,40,0.0
ME3201$inside,0,255,0.0
ME3201$outside,0,20,0.0
ME3250$inside,0,70,0.0
ME3250$outside,0,0,0.0
ME3301$inside,0,170,0.0
ME3301$outside,0,0,0.0
ME3281slotQ$inside,0,175,0.0
ME3281slotQ$outside,0,0,0.0
ME3281slotS$inside,0,175,0.0
ME3281slotS$outside,0,0,0.0
ME3481$inside,0,175,0.0
ME3481$outside,0,0,0.0
ME4550$inside,0,170,0.0
ME4550$outside,0,0,0.0
ME5012$inside,0,30,0.0
ME5012$outside,0,0,0.0
ME5103$inside,0,80,0.0
ME5103$outside,0,0,0.0
ME5107$inside,0,65,0.0
ME5107$outside,0,0,0.0
ME5109$inside,0,200,0.0
ME5109$outside,0,0,0.0
ME5128$inside,0,55,0.0
ME5128$outside,0,5,0.0
ME5129$inside,0,30,0.0
ME5129$outside,0,0,0.0
ME5132$inside,0,30,0.0
ME5132$outside,1,0,0.0
ME5201$inside,0,60,0.0
ME5201$outside,0,10,0.0
ME5204$inside,21,0,0.0
ME5204$outside,0,30,0.0
ME5205$inside,0,70,0.0
ME5205$outside,0,0,0.0
ME5207$inside,0,60,0.0
ME5207$outside,0,5,0.0
ME5281$inside,0,30,0.0
ME5281$outside,0,0,0.0
ME5301$inside,0,60,0.0
ME5301$outside,1,0,0.0
ME5303$inside,0,44,0.0
ME5303$outside,1,0,0.0
ME5305$inside,0,120,0.0
ME5305$outside,0,0,0.0
ME5307$inside,0,40,0.0
ME5307$outside,0,0,0.0
ME5323$inside,0,84,0.0
ME5323$outside,0,0,0.0
ME6060$inside,0,30,0.0
ME6060$outside,0,0,0.0
ME6127$inside,0,60,0.0
ME6127$outside,4,0,0.0
ME6221$inside,8,10,0.8
ME6221$outside,0,10,0.0
ME6225$inside,0,20,0.0
ME6225$outside,0,10,0.0
ME6226$inside,0,50,0.0
ME6226$outside,0,0,0.0
ME6227$inside,0,20,0.0
ME6227$outside,0,10,0.0
ME6280$inside,0,100,0.0
ME6280$outside,1,0,0.0
ME6333$inside,0,44,0.0
ME6333$outside,0,0,0.0
ME6580$inside,0,30,0.0
ME6580$outside,1,0,0.0
ME7020$inside,0,35,0.0
ME7020$outside,1,0,0.0
ME7200$inside,0,25,0.0
ME7200$outside,0,0,0.0
ME7223$inside,0,30,0.0
ME7223$outside,0,10,0.0
ME7244$inside,0,30,0.0
ME7244$outside,1,0,0.0
MM2010$inside,0,30,0.0
MM2010$outside,0,20,0.0
MM2013$inside,0,30,0.0
MM2013$outside,0,20,0.0
MM2015$inside,0,40,0.0
MM2015$outside,0,20,0.0
MM2080$inside,0,30,0.0
MM2080$outside,0,20,0.0
MM3010$inside,0,30,0.0
MM3010$outside,0,20,0.0
MM3012$inside,0,30,0.0
MM3012$outside,0,20,0.0
MM3030$inside,0,30,0.0
MM3030$outside,0,20,0.0
MM3090$inside,0,30,0.0
MM3090$outside,0,20,0.0
MM3110$inside,0,30,0.0
MM3110$outside,0,20,0.0
MM3330$inside,0,30,0.0
MM3330$outside,0,20,0.0
MM4010$inside,0,30,0.0
MM4010$outside,0,20,0.0
MM4110$inside,0,30,0.0
MM4110$outside,0,20,0.0
MM4190$inside,0,30,0.0
MM4190$outside,0,20,0.0
MM5001$inside,0,30,0.0
MM5001$outside,0,20,0.0
MM5003$inside,0,30,0.0
MM5003$outside,0,20,0.0
MM5006$inside,0,30,0.0
MM5006$outside,0,20,0.0
MM5010$inside,0,30,0.0
MM5010$outside,0,20,0.0
MM5012$inside,0,30,0.0
MM5012$outside,0,20,0.0
MM5013$inside,0,30,0.0
MM5013$outside,0,20,0.0
MM5023$inside,0,30,0.0
MM5023$outside,0,20,0.0
MM5024$inside,0,30,0.0
MM5024$outside,0,20,0.0
MM5028$inside,0,30,0.0
MM5028$outside,0,20,0.0
MM5040$inside,0,30,0.0
MM5040$outside,0,20,0.0
MM5104$inside,0,30,0.0
MM5104$outside,0,20,0.0
MM5160$inside,0,30,0.0
MM5160$outside,0,20,0.0
MM5520$inside,0,30,0.0
MM5520$outside,0,20,0.0
MM5700$inside,0,30,0.0
MM5700$outside,0,20,0.0
MS3510$inside,0,0,0.0
MS3510$outside,167,140,1.19
MS3520$inside,0,0,0.0
MS3520$outside,48,60,0.8
MS3610$inside,0,0,0.0
MS3610$outside,0,180,0.0
MS3710$inside,0,0,0.0
MS3710$outside,0,60,0.0
MS3830$inside,0,0,0.0
MS3830$outside,0,60,0.0
MS4100$inside,0,0,0.0
MS4100$outside,0,60,0.0
MS4110$inside,0,30,0.0
MS4110$outside,76,36,2.11
MS4120$inside,0,0,0.0
MS4120$outside,0,60,0.0
MS6010$inside,0,0,0.0
MS6010$outside,0,60,0.0
NE6310$inside,0,20,0.0
NE6310$outside,0,10,0.0
OE2013$inside,0,0,0.0
OE2013$outside,0,0,0.0
OE2023$inside,0,0,0.0
OE2023$outside,0,0,0.0
OE3015$inside,0,0,0.0
OE3015$outside,0,0,0.0
OE3025$inside,0,0,0.0
OE3025$outside,0,0,0.0
OE3035$inside,0,0,0.0
OE3035$outside,0,0,0.0
OE3045$inside,0,0,0.0
OE3045$outside,0,0,0.0
OE3190$inside,0,25,0.0
OE3190$outside,0,0,0.0
OE4050$inside,0,35,0.0
OE4050$outside,0,0,0.0
OE5012$inside,0,15,0.0
OE5012$outside,0,10,0.0
OE5200$inside,0,15,0.0
OE5200$outside,0,10,0.0
OE5310$inside,0,15,0.0
OE5310$outside,0,10,0.0
OE5320$inside,0,15,0.0
OE5320$outside,0,10,0.0
OE5650$inside,0,15,0.0
OE5650$outside,0,10,0.0
OE6002$inside,0,30,0.0
OE6002$outside,0,20,0.0
OE6003$inside,0,15,0.0
OE6003$outside,0,10,0.0
OE6006$inside,0,30,0.0
OE6006$outside,0,20,0.0
OE6200$inside,0,15,0.0
OE6200$outside,0,10,0.0
OE6980$inside,0,15,0.0
OE6980$outside,0,10,0.0
OE6990$inside,0,15,0.0
OE6990$outside,0,10,0.0
PE6020$inside,0,30,0.0
PE6020$outside,0,20,0.0
PE6030$inside,0,15,0.0
PE6030$outside,0,10,0.0
PE6050$inside,0,30,0.0
PE6050$outside,0,20,0.0
PE6317$inside,0,15,0.0
PE6317$outside,0,10,0.0
PH1010$inside,0,0,0.0
PH1010$outside,0,0,0.0
PH1020$inside,0,0,0.0
PH1020$outside,0,0,0.0
PH1030slotP1$inside,0,0,0.0
PH1030slotP1$outside,0,0,0.0
PH1030slotP2$inside,0,0,0.0
PH1030slotP2$outside,0,0,0.0
PH1030slotQ1$inside,0,0,0.0
PH1030slotQ1$outside,0,0,0.0
PH1030slotQ2$inside,0,0,0.0
PH1030slotQ2$outside,0,0,0.0
PH1030slotR1$inside,0,0,0.0
PH1030slotR1$outside,0,0,0.0
PH1030slotR2$inside,0,0,0.0
PH1030slotR2$outside,0,0,0.0
PH1030slotS1$inside,0,0,0.0
PH1030slotS1$outside,0,0,0.0
PH1030slotS2$inside,0,0,0.0
PH1030slotS2$outside,0,0,0.0
PH1030slotT1$inside,0,0,0.0
PH1030slotT1$outside,0,0,0.0
PH1030slotT2$inside,0,0,0.0
PH1030slotT2$outside,0,0,0.0
PH1080$inside,0,0,0.0
PH1080$outside,0,0,0.0
PH2050$inside,0,0,0.0
PH2050$outside,0,0,0.0
PH2140$inside,0,0,0.0
PH2140$outside,0,0,0.0
PH2170$inside,3,0,0.0
PH2170$outside,0,30,0.0
PH3500$inside,2,0,0.0
PH3500$outside,0,25,0.0
PH5030$inside,0,0,0.0
PH5030$outside,0,0,0.0
PH5040$inside,0,0,0.0
PH5040$outside,0,0,0.0
PH5050$inside,0,0,0.0
PH5050$outside,0,0,0.0
PH5060$inside,0,0,0.0
PH5060$outside,0,0,0.0
PH5100$inside,0,0,0.0
PH5100$outside,0,0,0.0
PH5110$inside,0,10,0.0
PH5110$outside,0,0,0.0
PH5210$inside,0,10,0.0
PH5210$outside,0,0,0.0
PH5211$inside,1,10,0.1
PH5211$outside,3,0,0.0
PH5270$inside,0,0,0.0
PH5270$outside,0,0,0.0
PH5410$inside,0,0,0.0
PH5410$outside,0,0,0.0
PH5460$inside,26,0,0.0
PH5460$outside,19,10,1.9
PH5840$inside,28,0,0.0
PH5840$outside,6,30,0.2
PH6022$inside,0,0,0.0
PH6022$outside,0,20,0.0
CS2700A$inside,0,0,0.0
CS2700A$outside,3,10,0.3
CS2300A$inside,0,0,0.0
CS2300A$outside,0,10,0.0
